NEXTPM25,PM25,AQI,TEMP,DEWP,WDSP,MXSPD,MAX_,MIN_,PRCP,YEARMODA
13.6699,151.194,196.0234,74.7,62.4,5.3,9.7,86.0,60.8,0.0,2014-09-07
35.5244,13.6699,37.5178,71.2,48.7,3.9,7.8,84.7,57.2,0.0,2014-09-08
65.6447,35.5244,66.2769,73.3,57.2,3.7,7.8,85.1,60.6,0.0,2014-09-09
83.9272,65.6447,95.8487,74.0,59.0,4.0,7.8,84.6,64.4,0.0,2014-09-10
72.8534,83.9272,112.8642,71.7,64.5,3.5,9.7,80.4,66.2,0.02,2014-09-11
67.4765,72.8534,97.8893,69.9,63.2,2.8,5.8,77.0,64.4,0.02,2014-09-12
42.6036,67.4765,91.8423,72.0,58.8,4.3,9.7,82.4,64.0,0.0,2014-09-13
18.8561,42.6036,67.4964,64.8,48.9,4.6,9.7,75.2,51.8,0.0,2014-09-14
37.5632,18.8561,41.9388,69.4,40.3,5.6,9.7,84.2,53.6,0.0,2014-09-15
53.0661,37.5632,67.8556,64.9,51.4,3.6,7.8,71.8,56.5,0.0,2014-09-16
62.4728,53.0661,79.0039,62.9,53.0,3.9,7.8,73.4,51.8,0.0,2014-09-17
85.2566,62.4728,88.2109,68.1,50.1,3.7,5.8,82.4,53.6,0.0,2014-09-18
121.9513,85.2566,115.0066,67.9,59.8,4.0,7.8,77.2,57.7,0.06,2014-09-19
101.5852,121.9513,159.7727,71.0,60.4,3.6,9.7,80.8,64.0,0.04,2014-09-20
94.4693,101.5852,133.0032,70.7,60.2,4.2,5.8,77.0,63.0,0.0,2014-09-21
48.9325,94.4693,125.0469,67.5,63.7,4.3,7.8,72.3,64.4,0.07,2014-09-22
33.7706,48.9325,67.3452,63.5,61.5,3.6,7.8,66.0,60.8,0.61,2014-09-23
110.069,33.7706,49.9677,67.0,59.2,3.1,7.8,78.8,57.2,0.0,2014-09-24
127.0363,110.069,145.7966,66.4,61.9,3.7,7.8,72.3,59.0,0.0,2014-09-25
30.3333,127.0363,166.198,64.1,60.0,5.0,9.7,75.4,53.6,0.0,2014-09-26
58.2887,30.3333,50.3954,66.3,51.6,3.0,7.8,77.9,57.2,0.0,2014-09-27
52.7104,58.2887,85.0515,64.3,58.4,3.1,7.8,73.4,57.2,0.0,2014-09-28
24.1697,52.7104,77.3434,62.4,41.0,7.1,13.6,75.2,50.9,0.0,2014-09-29
0.0,24.1697,46.0397,54.2,37.9,3.6,5.8,60.8,50.0,0.0,2014-09-30
55.9061,68.4626,93.032,52.5,49.3,4.5,9.7,59.7,48.2,0.4,2014-10-01
92.5159,55.9061,77.4188,60.2,53.6,3.5,5.8,69.8,47.8,0.12,2014-10-02
75.3504,92.5159,123.1825,59.7,55.8,3.7,9.7,66.0,53.8,0.06,2014-10-03
35.6495,75.3504,101.122,56.5,54.9,3.2,7.8,62.4,50.0,0.0,2014-10-04
26.2,35.6495,53.9227,56.9,41.3,6.4,13.6,71.6,42.8,0.0,2014-10-05
140.4036,26.2,45.9238,57.2,40.3,3.5,7.8,70.7,42.8,0.0,2014-10-06
261.6892,140.4036,179.3229,58.0,49.6,2.5,5.8,70.7,48.4,0.0,2014-10-07
332.0076,261.6892,310.3851,59.0,54.3,2.2,5.8,69.1,51.8,0.01,2014-10-08
295.9762,332.0076,377.9885,61.2,56.8,2.1,3.9,72.0,53.6,0.0,2014-10-09
193.0912,295.9762,345.3056,63.3,58.4,3.6,5.8,73.4,55.8,0.0,2014-10-10
6.7288,193.0912,233.9333,62.2,49.7,7.9,15.5,69.8,55.4,0.0,2014-10-11
13.6786,6.7288,17.4542,54.8,28.1,6.2,9.7,66.2,37.4,0.0,2014-10-12
43.1443,13.6786,30.2727,49.6,27.5,4.0,7.8,64.6,37.4,0.0,2014-10-13
43.6071,43.1443,68.4393,55.3,36.0,4.8,9.7,71.6,39.2,0.0,2014-10-14
33.7893,43.6071,79.5292,56.5,25.9,9.5,21.4,73.4,35.6,0.0,2014-10-15
95.8374,33.7893,68.9766,55.4,31.2,5.5,15.5,71.6,39.2,0.0,2014-10-16
155.6032,95.8374,130.3875,57.7,42.1,3.6,7.8,75.2,43.7,0.0,2014-10-17
249.5194,155.6032,197.2968,62.1,50.1,2.3,5.8,75.9,46.2,0.0,2014-10-18
200.1697,249.5194,298.5116,61.2,53.8,3.8,7.8,69.8,50.0,0.0,2014-10-19
37.1049,200.1697,248.789,58.6,49.6,3.7,9.7,64.4,53.6,0.0,2014-10-20
73.7338,37.1049,68.8601,50.1,32.1,3.5,7.8,59.4,42.8,0.0,2014-10-21
125.068,73.7338,104.4164,52.7,43.6,2.5,5.8,58.5,46.0,0.0,2014-10-22
213.2432,125.068,164.3786,53.1,46.0,2.7,5.8,61.5,46.4,0.0,2014-10-23
234.5,213.2432,262.3436,54.9,50.8,3.0,5.8,64.9,46.4,0.0,2014-10-24
0.0,234.5,284.5,57.8,51.9,4.5,13.6,66.2,50.0,0.0,2014-10-25
152.8561,111.7025,148.5253,53.6,42.8,2.3,5.8,60.8,43.7,0.0,2014-10-29
150.935,152.8561,198.9368,54.2,46.3,2.1,3.9,59.4,51.8,0.0,2014-10-30
0.0,150.935,196.6354,53.6,47.8,2.8,5.8,59.7,39.2,0.0,2014-10-31
7.0592,62.122,88.9686,54.5,21.0,12.5,21.4,61.0,44.6,0.0,2014-11-01
21.9524,7.0592,26.899,47.8,17.1,8.5,19.4,59.0,32.0,0.0,2014-11-02
95.8609,21.9524,44.7341,50.1,26.4,3.9,7.8,66.2,32.0,0.0,2014-11-03
78.058,95.8609,128.3826,45.7,33.4,3.3,7.8,59.7,33.8,0.0,2014-11-04
7.9668,78.058,110.6087,54.6,19.4,8.0,15.5,68.4,36.5,0.0,2014-11-05
42.2042,7.9668,24.7306,42.0,18.0,5.3,13.6,53.6,32.0,0.0,2014-11-06
66.3345,42.2042,61.7289,40.0,24.9,3.0,5.8,50.0,28.4,0.0,2014-11-07
56.561,66.3345,89.6481,40.6,28.6,3.6,7.8,55.4,28.4,0.0,2014-11-08
66.5052,56.561,77.9338,43.9,24.9,3.6,7.8,60.8,30.2,0.0,2014-11-09
38.8421,66.5052,90.3101,46.2,27.5,3.1,15.5,60.8,31.1,0.0,2014-11-10
5.6376,38.8421,71.5825,48.8,13.1,14.0,23.3,57.2,36.0,0.0,2014-11-11
21.25,5.6376,42.662,38.7,1.9,11.3,25.3,46.6,24.8,0.0,2014-11-12
31.9686,21.25,40.6701,42.0,11.6,6.5,15.5,54.0,26.6,0.0,2014-11-13
91.7143,31.9686,51.9373,42.4,14.7,3.4,7.8,57.2,28.9,0.0,2014-11-14
76.2662,91.7143,122.4688,39.8,23.0,2.8,5.8,48.6,28.4,0.0,2014-11-15
19.8846,76.2662,102.6426,45.3,21.1,10.0,17.5,54.1,30.2,0.0,2014-11-16
51.5543,19.8846,35.7168,40.6,17.3,4.5,9.7,56.3,26.6,0.0,2014-11-17
210.0971,51.5543,75.3551,40.4,21.6,3.1,7.8,57.4,28.4,0.0,2014-11-18
284.7403,210.0971,254.9892,37.6,30.2,2.6,5.8,48.2,28.4,0.0,2014-11-19
195.722,284.7403,339.4961,36.9,30.7,3.7,7.8,48.2,28.4,0.0,2014-11-20
29.7832,195.722,233.3105,43.4,16.0,5.2,13.6,59.0,26.6,0.0,2014-11-21
114.6411,29.7832,47.9406,41.7,21.2,3.9,7.8,53.8,30.2,0.0,2014-11-22
72.1901,114.6411,150.8467,37.4,31.3,3.5,9.7,48.2,26.6,0.0,2014-11-23
130.2587,72.1901,98.088,40.0,18.7,3.6,9.7,53.6,26.6,0.0,2014-11-24
230.5174,130.2587,167.8566,37.4,30.5,3.1,9.7,48.2,26.6,0.0,2014-11-25
83.7263,230.5174,279.6979,39.8,28.7,4.3,11.7,46.9,28.4,0.0,2014-11-26
72.8107,83.7263,111.1684,40.6,8.7,6.0,13.6,44.6,32.0,0.0,2014-11-27
217.3449,72.8107,103.9964,39.2,25.4,3.7,7.8,50.0,28.4,0.0,2014-11-28
94.9756,217.3449,266.6551,38.1,34.9,3.2,7.8,41.0,32.4,0.0,2014-11-29
0.0,94.9756,191.2683,34.0,-5.1,19.1,29.1,46.4,23.0,0.0,2014-11-30
20.1777,15.2862,121.2609,24.0,-7.4,12.5,27.2,32.0,14.0,0.0,2014-12-01
15.9153,20.1777,39.6376,23.6,-2.5,4.9,13.6,32.5,14.0,0.0,2014-12-02
7.6043,15.9153,54.3598,28.3,-9.0,10.5,19.4,33.8,19.4,0.0,2014-12-03
21.5182,7.6043,31.3417,27.4,-8.3,11.3,19.4,35.6,15.8,0.0,2014-12-04
57.2572,21.5182,38.9307,25.8,-0.9,5.2,13.6,39.2,14.0,0.0,2014-12-05
54.1037,57.2572,79.8913,32.8,5.6,3.1,7.8,41.0,20.1,0.0,2014-12-06
50.971,54.1037,80.2667,31.9,6.5,8.3,17.5,41.4,15.8,0.0,2014-12-07
205.5686,50.971,72.8333,27.9,9.7,2.9,7.8,39.6,15.8,0.0,2014-12-08
138.6071,205.5686,251.251,28.4,19.4,2.7,5.8,32.9,19.4,0.0,2014-12-09
19.9604,138.6071,199.9393,32.1,5.2,13.1,21.4,41.5,21.2,0.0,2014-12-10
10.6357,19.9604,35.4388,32.3,0.4,9.4,21.4,39.2,21.2,0.0,2014-12-11
40.1029,10.6357,38.3357,27.0,-0.3,7.0,19.4,38.1,14.0,0.0,2014-12-12
78.9763,40.1029,65.0441,26.9,4.3,4.1,7.8,41.0,14.0,0.0,2014-12-13
67.7834,78.9763,107.1581,32.3,7.4,3.9,19.4,42.8,19.4,0.0,2014-12-14
7.0659,67.7834,111.3791,29.1,-2.6,16.1,25.3,39.2,23.0,0.0,2014-12-15
60.6055,7.0659,30.2894,25.9,-2.3,10.3,21.4,32.0,12.2,0.0,2014-12-16
141.084,60.6055,86.6367,25.8,5.0,3.5,7.8,41.7,15.8,0.0,2014-12-17
33.2404,141.084,183.6107,27.5,16.6,4.0,17.5,35.8,19.4,0.0,2014-12-18
9.1149,33.2404,57.2163,32.4,0.7,16.3,23.3,41.2,19.4,0.0,2014-12-19
13.7023,9.1149,20.9119,28.5,-2.7,12.1,19.4,36.0,21.9,0.0,2014-12-20
67.9416,13.7023,33.1527,28.0,1.7,8.1,21.4,36.1,15.8,0.0,2014-12-21
76.816,67.9416,95.1907,31.0,9.3,3.2,7.8,48.9,17.6,0.0,2014-12-22
12.6629,76.816,104.68,33.9,7.4,5.4,9.7,51.8,21.2,0.0,2014-12-23
25.0811,12.6629,32.4962,34.8,6.5,9.8,13.6,41.7,19.4,0.0,2014-12-24
110.8824,25.0811,41.3243,31.6,10.4,4.0,7.8,45.3,19.4,0.0,2014-12-25
181.9762,110.8824,145.1922,25.9,14.5,3.2,5.8,37.8,17.6,0.0,2014-12-26
118.55,181.9762,228.869,29.7,15.4,3.3,7.8,42.8,19.4,0.0,2014-12-27
98.5315,118.55,157.5333,34.6,11.4,5.6,13.6,48.2,17.6,0.0,2014-12-28
27.5,98.5315,136.6024,35.9,9.1,6.2,17.5,54.1,21.2,0.0,2014-12-29
7.1402,27.5,51.9881,35.8,4.3,11.8,38.9,44.6,23.0,0.0,2014-12-30
0.0,7.1402,47.3485,26.9,-8.5,12.1,19.4,33.8,17.6,0.0,2014-12-31
42.9788,8.1818,44.3636,26.2,-4.6,4.9,9.7,36.5,14.0,0.0,2015-01-01
144.2633,42.9788,66.3887,29.3,2.2,4.3,7.8,41.0,17.6,0.0,2015-01-02
186.7491,144.2633,187.0356,26.4,8.2,2.9,7.8,38.5,17.6,0.0,2015-01-03
112.4404,186.7491,232.5269,35.9,12.3,3.0,5.8,47.5,19.4,0.0,2015-01-04
30.2172,112.4404,159.9856,35.1,-0.1,10.8,21.4,51.8,21.2,0.0,2015-01-05
63.1214,30.2172,46.2247,30.1,-2.7,5.8,13.6,42.8,17.6,0.0,2015-01-06
125.6926,63.1214,86.2536,27.4,5.6,2.3,5.8,37.9,12.2,0.0,2015-01-07
73.4722,125.6926,163.9541,27.5,11.3,4.2,9.7,41.0,17.6,0.0,2015-01-08
151.108,73.4722,97.816,30.3,4.0,5.3,17.5,45.5,14.0,0.0,2015-01-09
36.5175,151.108,188.9756,40.6,5.0,8.1,19.4,55.4,17.6,0.0,2015-01-10
114.7782,36.5175,55.472,33.1,9.2,3.5,5.8,43.7,19.4,0.0,2015-01-11
153.9167,114.7782,150.6514,27.9,13.9,3.4,7.8,39.6,19.4,0.0,2015-01-12
208.507,153.9167,198.7569,27.3,18.7,3.0,5.8,37.6,19.4,0.0,2015-01-13
316.8955,208.507,258.7552,26.5,16.4,3.1,7.8,33.8,17.6,0.0,2015-01-14
120.3286,316.8955,357.5226,25.7,20.8,2.3,13.6,32.0,19.4,0.0,2015-01-15
55.1254,120.3286,137.3675,29.4,0.9,13.7,27.2,39.2,19.4,0.0,2015-01-16
78.2569,55.1254,75.3728,28.6,6.5,2.9,7.8,37.4,19.8,0.0,2015-01-17
39.0383,78.2569,122.4722,32.7,6.0,10.0,25.3,44.6,14.0,0.0,2015-01-18
83.7875,39.0383,62.6516,30.3,8.8,3.7,7.8,44.1,15.8,0.0,2015-01-19
22.2446,83.7875,111.4774,30.5,14.3,4.5,9.7,41.0,19.4,0.0,2015-01-20
91.1131,22.2446,36.0468,31.2,4.5,5.6,11.7,44.6,12.2,0.0,2015-01-21
198.6268,91.1131,120.6042,27.4,12.4,2.7,5.8,42.4,15.8,0.0,2015-01-22
103.0868,198.6268,247.6268,32.5,12.3,3.6,9.7,44.2,17.6,0.0,2015-01-23
129.8229,103.0868,132.7118,33.2,21.9,2.8,5.8,39.2,27.0,0.02,2015-01-24
103.1181,129.8229,168.6875,30.7,24.6,2.9,9.7,41.0,19.4,0.02,2015-01-25
15.8657,103.1181,134.691,28.1,1.2,10.4,27.2,41.4,12.2,0.0,2015-01-26
33.7143,15.8657,27.0424,24.3,-3.0,5.4,11.7,34.3,15.8,0.0,2015-01-27
71.6354,33.7143,49.3693,28.7,3.7,4.9,9.7,34.0,21.9,0.0,2015-01-28
11.7483,71.6354,99.9675,29.7,1.8,11.3,23.3,41.0,15.8,0.0,2015-01-29
26.2118,11.7483,24.6084,26.5,-5.0,6.0,11.7,37.8,17.6,0.0,2015-01-30
0.0,26.2118,39.8715,26.4,-4.9,4.2,7.8,39.2,14.0,0.0,2015-01-31
139.6947,75.1185,101.1742,26.6,0.6,3.2,7.8,37.4,15.8,0.0,2015-02-01
119.3229,139.6947,180.9088,30.6,12.5,3.2,13.6,39.6,19.4,0.0,2015-02-02
11.2578,119.3229,155.2188,36.1,9.6,12.2,23.3,47.5,23.0,0.0,2015-02-03
24.8912,11.2578,33.3345,34.4,4.3,10.9,15.5,44.6,21.2,0.0,2015-02-04
65.9161,24.8912,39.6281,36.4,7.7,7.1,11.7,48.2,19.4,0.0,2015-02-05
17.5521,65.9161,89.0455,38.5,9.1,5.6,9.7,51.8,23.0,0.0,2015-02-06
20.4983,17.5521,37.3264,28.3,-7.2,10.4,19.4,41.5,10.4,0.0,2015-02-07
104.7247,20.4983,34.993,24.3,-8.4,3.7,7.8,35.2,12.2,0.0,2015-02-08
124.5088,104.7247,139.0627,29.1,0.0,4.5,9.7,43.0,15.4,0.0,2015-02-09
45.5944,124.5088,162.6572,38.2,5.8,3.9,9.7,55.9,20.1,0.0,2015-02-10
28.4181,45.5944,67.0664,37.0,6.0,4.9,9.7,50.4,21.2,0.0,2015-02-11
116.5192,28.4181,44.2334,33.1,11.7,3.3,7.8,46.2,17.6,0.0,2015-02-12
231.8507,116.5192,153.3554,33.3,14.8,3.2,5.8,49.3,17.6,0.0,2015-02-13
283.6119,231.8507,281.4931,37.0,17.9,2.3,5.8,51.8,21.2,0.0,2015-02-14
128.8854,283.6119,332.8601,36.9,18.1,3.8,7.8,46.4,21.2,0.0,2015-02-15
21.0348,128.8854,172.066,42.9,11.8,10.3,21.4,55.4,24.8,0.0,2015-02-16
41.9167,21.0348,40.8606,40.1,11.4,5.5,11.7,51.8,28.4,0.0,2015-02-17
219.3649,41.9167,60.1319,39.5,10.8,5.3,11.7,51.8,26.6,0.0,2015-02-18
139.4286,219.3649,260.8386,35.3,24.2,4.6,11.7,42.8,26.6,0.11,2015-02-19
0.0,139.4286,181.0238,32.4,31.8,2.8,5.8,33.8,31.6,0.25,2015-02-20
80.7396,208.0417,258.0417,35.7,25.6,4.1,11.7,44.1,24.4,0.0,2015-02-24
12.9348,80.7396,106.7222,34.6,-1.8,9.4,21.4,44.6,21.2,0.0,2015-02-25
22.059,12.9348,26.4529,34.5,-2.2,8.0,13.6,43.2,26.6,0.0,2015-02-26
120.691,22.059,37.566,31.4,14.8,5.5,9.7,36.3,26.6,0.01,2015-02-27
0.0,120.691,155.2361,29.7,26.0,3.6,5.8,40.6,21.2,0.06,2015-02-28
55.9043,46.1951,81.8467,41.2,11.0,6.9,15.5,54.3,23.0,0.04,2015-03-01
7.8438,55.9043,87.7447,45.8,4.2,12.6,27.2,59.0,26.6,0.0,2015-03-02
21.5478,7.8438,43.8819,32.8,-12.8,14.2,21.4,42.4,20.5,0.0,2015-03-03
102.8641,21.5478,39.7904,33.3,-5.6,4.2,9.7,44.6,18.9,0.0,2015-03-04
192.5123,102.8641,137.0906,36.0,7.2,5.1,11.7,46.9,23.0,0.0,2015-03-05
271.9286,192.5123,241.4281,36.9,18.3,3.4,7.8,50.2,24.8,0.0,2015-03-06
0.0,271.9286,321.8929,42.4,27.0,3.9,7.8,54.5,28.4,0.0,2015-03-07
27.6493,7.5893,27.2976,30.6,-14.3,7.5,19.4,41.0,17.6,0.0,2015-03-09
38.8269,27.6493,44.4514,35.5,-1.6,5.3,11.7,48.2,20.8,0.0,2015-03-10
52.5284,38.8269,59.371,40.1,0.8,6.1,13.6,53.6,24.8,0.0,2015-03-11
66.9744,52.5284,74.2801,41.5,12.3,3.7,11.7,55.4,23.0,0.0,2015-03-12
93.3958,66.9744,93.5751,42.9,9.1,4.9,9.7,55.4,27.1,0.0,2015-03-13
104.1382,93.3958,124.4028,39.9,21.3,3.6,7.8,53.4,26.6,0.0,2015-03-14
195.52,104.1382,152.6,52.1,14.8,5.6,13.6,62.6,32.4,0.0,2015-03-15
197.6565,195.52,242.4145,47.4,39.0,3.8,5.8,57.9,37.4,0.0,2015-03-16
45.8467,197.6565,241.6221,51.2,25.0,5.7,11.7,62.6,41.0,0.0,2015-03-17
81.6934,45.8467,68.2989,45.9,18.1,4.6,7.8,57.2,33.8,0.0,2015-03-18
46.4028,81.6934,137.5331,54.3,16.5,5.2,11.7,68.0,36.7,0.0,2015-03-19
20.7153,46.4028,129.0313,59.5,4.7,9.7,19.4,69.8,45.1,0.0,2015-03-20
19.6007,20.7153,79.7882,58.3,-1.4,11.3,19.4,68.0,42.8,0.0,2015-03-21
34.5087,19.6007,73.875,45.7,7.7,6.2,11.7,57.2,28.4,0.0,2015-03-22
72.3236,34.5087,67.0348,52.6,9.7,6.8,11.7,66.2,30.6,0.0,2015-03-23
125.36,72.3236,101.8836,49.0,21.0,4.3,7.8,62.1,35.6,0.0,2015-03-24
106.2433,125.36,165.368,53.6,30.5,4.9,9.7,64.4,37.4,0.0,2015-03-25
102.8014,106.2433,143.5437,58.6,30.3,6.4,13.6,69.8,42.8,0.0,2015-03-26
69.8125,102.8014,137.3177,59.5,35.6,5.7,13.6,69.8,45.7,0.0,2015-03-27
72.0209,69.8125,208.8681,60.8,31.3,8.5,21.4,77.0,42.8,0.0,2015-03-28
144.5524,72.0209,192.2962,62.7,38.2,6.4,11.7,75.2,47.3,0.0,2015-03-29
153.5981,144.5524,225.7168,64.3,46.9,5.6,9.7,73.4,54.1,0.03,2015-03-30
0.0,153.5981,200.2991,48.6,43.5,4.2,9.7,59.4,41.0,0.28,2015-03-31
36.1288,58.2698,81.5238,49.5,31.2,4.9,11.7,57.2,40.5,0.65,2015-04-01
27.75,36.1288,52.0909,49.2,39.0,6.0,11.7,57.4,39.9,0.03,2015-04-02
60.1042,27.75,44.7882,54.0,35.0,7.0,11.7,60.8,44.2,0.02,2015-04-03
56.6167,60.1042,81.8264,55.6,38.6,4.7,9.7,62.6,45.3,0.0,2015-04-04
20.2191,56.6167,94.8571,52.2,15.0,14.1,21.4,64.4,39.2,0.0,2015-04-05
22.7527,20.2191,34.2615,44.7,11.5,6.3,11.7,53.6,32.0,0.0,2015-04-06
94.0627,22.7527,40.3887,48.0,14.0,6.9,13.6,57.2,35.6,0.0,2015-04-07
159.7361,94.0627,125.0871,48.2,31.9,5.7,11.7,59.0,35.6,0.0,2015-04-08
161.1123,159.7361,206.4722,53.7,39.0,5.2,13.6,64.4,39.7,0.0,2015-04-09
141.0071,161.1123,203.5579,59.5,41.5,5.0,11.7,69.8,43.7,0.0,2015-04-10
12.4255,141.0071,180.106,55.3,41.8,8.8,19.4,66.2,46.4,0.64,2015-04-11
23.8607,12.4255,29.7908,44.7,26.1,14.7,21.4,51.8,40.8,0.01,2015-04-12
53.8392,23.8607,40.9464,53.5,33.6,6.0,13.6,66.2,39.2,0.01,2015-04-13
102.0279,53.8392,77.2308,63.1,35.4,4.9,13.6,78.8,40.1,0.0,2015-04-14
27.0,102.0279,189.3101,64.5,28.6,14.4,29.1,77.7,48.7,0.0,2015-04-15
58.8566,27.0,116.0356,60.7,18.2,11.3,23.3,71.6,42.8,0.0,2015-04-16
134.2056,58.8566,112.7448,65.3,36.6,4.8,11.7,78.8,48.4,0.0,2015-04-17
86.8681,134.2056,179.5505,64.2,48.8,3.6,7.8,71.6,51.8,0.0,2015-04-18
62.6739,86.8681,127.3264,59.1,31.3,6.6,15.5,71.6,41.0,0.0,2015-04-19
60.0861,62.6739,92.1993,62.8,34.1,7.4,15.5,73.4,43.3,0.0,2015-04-20
39.8507,60.0861,107.2322,64.3,34.2,6.0,19.4,80.6,44.6,0.0,2015-04-21
52.4737,39.8507,75.0278,67.6,36.8,7.4,15.5,78.8,47.3,0.0,2015-04-22
46.6219,52.4737,87.186,65.3,34.3,5.5,21.4,86.0,44.6,0.0,2015-04-23
65.0451,46.6219,100.4134,66.4,35.8,6.5,13.6,80.6,47.7,0.0,2015-04-24
102.1777,65.0451,109.3715,76.2,43.7,7.4,15.5,89.6,51.1,0.0,2015-04-25
77.573,102.1777,140.6376,76.8,53.2,7.2,13.6,87.8,60.4,0.0,2015-04-26
42.8403,77.573,110.8007,69.5,56.2,5.4,13.6,82.4,60.8,0.04,2015-04-27
113.3021,42.8403,62.0139,68.0,54.2,4.3,7.8,78.8,56.8,0.0,2015-04-28
114.4336,113.3021,149.4792,71.3,57.6,4.7,11.7,80.6,56.5,0.0,2015-04-29
0.0,114.4336,153.4266,73.9,56.9,6.2,11.7,86.0,59.0,0.0,2015-04-30
45.6591,135.7538,173.3295,62.5,55.1,7.1,23.3,79.7,55.4,0.36,2015-05-01
41.3333,45.6591,66.6477,67.2,53.0,5.7,15.5,75.6,55.4,0.0,2015-05-02
21.4216,41.3333,80.2101,65.8,16.9,13.0,21.4,77.0,46.4,0.0,2015-05-03
44.4181,21.4216,53.9164,66.2,30.0,8.7,17.5,75.2,50.0,0.0,2015-05-04
17.875,44.4181,77.669,68.8,26.0,6.1,13.6,84.2,53.8,0.0,2015-05-05
41.0282,17.875,55.1806,62.8,23.9,5.9,11.7,71.6,48.2,0.0,2015-05-06
47.7276,41.0282,91.0704,66.7,35.1,6.2,13.6,80.6,49.5,0.0,2015-05-07
38.6146,47.7276,89.1505,64.9,44.7,6.6,11.7,77.0,53.6,0.0,2015-05-08
34.4931,38.6146,57.7674,54.8,42.6,3.2,13.6,60.8,51.8,0.0,2015-05-09
24.7832,34.4931,50.6285,49.4,45.9,5.1,9.7,54.3,47.3,0.98,2015-05-10
18.4982,24.7832,40.2308,59.8,39.4,9.2,19.4,68.0,48.0,0.0,2015-05-11
59.1806,18.4982,42.7331,64.6,45.9,5.2,17.5,81.9,50.0,0.0,2015-05-12
22.6979,59.1806,94.0868,74.3,44.9,9.3,27.2,90.3,53.4,0.0,2015-05-13
22.4792,22.6979,69.1458,71.8,37.8,5.9,13.6,80.6,62.6,0.0,2015-05-14
45.0139,22.4792,43.7465,67.7,41.4,5.4,13.6,78.8,51.8,0.0,2015-05-15
125.9965,45.0139,74.3472,75.1,45.3,7.4,13.6,86.0,51.6,0.0,2015-05-16
58.25,125.9965,166.2986,72.4,62.3,5.4,15.5,82.8,64.4,0.01,2015-05-17
12.4355,58.25,96.7639,73.0,23.0,11.5,25.3,82.4,53.6,0.0,2015-05-18
14.7348,12.4355,49.9164,70.6,31.7,12.6,31.1,80.6,53.6,0.0,2015-05-19
32.4105,14.7348,38.0947,74.6,39.1,7.5,13.6,86.0,55.4,0.0,2015-05-20
50.3316,32.4105,67.4912,72.7,44.9,7.6,17.5,86.0,53.6,0.0,2015-05-21
90.5521,50.3316,89.2579,73.8,50.1,4.2,9.7,86.0,58.8,0.0,2015-05-22
114.7118,90.5521,128.6181,77.3,55.4,4.9,11.7,89.6,61.3,0.0,2015-05-23
100.2254,114.7118,155.5104,80.2,55.3,5.6,11.7,91.4,66.2,0.0,2015-05-24
87.1915,100.2254,137.1092,82.2,56.4,6.9,15.5,93.2,68.5,0.0,2015-05-25
83.3934,87.1915,124.6489,82.3,56.8,8.3,13.6,95.0,68.0,0.0,2015-05-26
104.0,83.3934,122.5221,79.4,59.1,6.5,11.7,89.6,68.0,0.0,2015-05-27
64.2369,104.0,146.9895,78.5,60.4,6.0,11.7,87.8,68.0,0.03,2015-05-28
53.8229,64.2369,93.885,74.6,60.3,5.4,11.7,87.8,59.0,0.03,2015-05-29
54.6667,53.8229,84.1319,76.3,55.0,6.0,11.7,87.8,62.6,0.0,2015-05-30
0.0,54.6667,89.5729,84.0,59.2,7.1,13.6,93.2,67.1,0.0,2015-05-31
35.4211,86.24,123.3527,81.2,63.7,4.5,13.6,91.4,69.8,0.0,2015-06-01
31.7022,35.4211,65.3083,79.5,38.8,6.4,15.5,95.0,60.8,0.0,2015-06-02
49.4215,31.7022,72.4044,81.5,41.1,5.6,13.6,91.4,63.1,0.0,2015-06-03
49.2746,49.4215,83.5248,65.6,60.5,4.1,11.7,75.2,59.0,0.18,2015-06-04
22.0256,49.2746,76.6056,76.2,57.5,5.9,11.7,90.1,59.7,0.0,2015-06-05
14.2813,22.0256,54.6282,72.7,55.2,6.2,13.6,87.8,59.0,0.03,2015-06-06
17.8205,14.2813,42.1285,73.1,45.7,5.5,11.7,86.0,57.2,0.0,2015-06-07
48.4351,17.8205,35.7265,77.6,50.1,5.8,11.7,91.4,58.3,0.01,2015-06-08
70.8606,48.4351,76.0421,76.1,58.6,6.2,11.7,86.0,65.7,0.16,2015-06-09
24.4502,70.8606,97.1951,68.7,63.4,4.0,13.6,75.7,60.8,0.34,2015-06-10
7.7366,24.4502,45.8127,75.7,50.4,10.1,19.4,86.0,61.5,0.2,2015-06-11
10.8084,7.7366,29.5076,76.4,52.7,13.2,23.3,84.2,64.2,0.0,2015-06-12
17.4664,10.8084,32.6237,72.7,61.2,5.4,13.6,84.2,62.6,0.02,2015-06-13
83.6453,17.4664,41.9622,79.6,59.8,4.2,7.8,91.4,64.8,0.0,2015-06-14
103.2418,83.6453,114.1512,80.3,61.4,5.0,13.6,89.6,69.8,0.0,2015-06-15
41.4553,103.2418,142.1639,79.1,62.5,5.2,15.5,93.2,68.0,0.0,2015-06-16
18.8804,41.4553,68.5532,78.1,63.0,4.2,21.4,92.1,66.2,0.48,2015-06-17
15.5055,18.8804,37.9855,81.5,45.7,7.9,15.5,91.4,62.6,0.02,2015-06-18
30.5333,15.5055,34.56,67.3,60.2,4.1,9.7,76.6,60.8,0.08,2015-06-19
46.4167,30.5333,50.3333,79.2,59.1,4.0,5.8,89.6,63.7,0.06,2015-06-20
94.0387,46.4167,74.9167,80.1,58.9,4.8,7.8,89.6,69.6,0.0,2015-06-21
180.8819,94.0387,135.4323,80.1,62.8,5.2,9.7,89.6,70.5,0.01,2015-06-22
122.8217,180.8819,224.066,81.6,65.4,5.7,11.7,88.2,71.2,0.01,2015-06-23
123.5734,122.8217,161.8706,75.6,65.9,4.1,7.8,80.6,71.6,0.0,2015-06-24
110.2544,123.5734,162.979,75.9,67.1,3.6,7.8,81.1,69.6,0.22,2015-06-25
84.6528,110.2544,146.4205,75.6,69.0,4.0,9.7,84.4,69.1,0.06,2015-06-26
146.3229,84.6528,113.6771,78.7,69.7,2.8,5.8,85.3,70.7,0.0,2015-06-27
122.7668,146.3229,189.6875,80.8,71.3,4.9,9.7,89.1,73.4,0.0,2015-06-28
14.7372,122.7668,157.9081,70.0,64.9,5.4,15.5,82.0,64.4,0.0,2015-06-29
0.0,14.7372,29.8431,70.4,59.0,6.2,11.7,82.4,60.8,0.05,2015-06-30
8.7014,20.5098,39.2206,76.3,56.1,5.9,11.7,91.8,60.8,0.04,2015-07-01
23.9667,8.7014,24.9514,79.3,51.8,5.4,15.5,93.2,62.6,0.0,2015-07-02
30.6032,23.9667,61.5333,78.1,52.8,5.0,9.7,88.5,64.4,0.0,2015-07-03
62.178,30.6032,53.9762,71.4,57.6,3.4,7.8,80.6,62.6,0.05,2015-07-04
70.9605,62.178,91.6515,76.9,59.9,4.8,7.8,87.8,63.9,0.0,2015-07-05
68.8292,70.9605,107.4693,79.5,60.9,4.5,7.8,87.8,68.0,0.0,2015-07-06
125.7645,68.8292,100.3833,80.9,62.8,5.3,9.7,91.4,69.3,0.0,2015-07-07
72.2351,125.7645,164.4493,82.0,65.1,4.9,9.7,93.2,71.8,0.0,2015-07-08
48.6899,72.2351,106.6561,82.6,61.6,5.2,9.7,93.2,73.2,0.0,2015-07-09
98.25,48.6899,82.4878,82.6,65.8,4.9,9.7,91.8,73.2,0.0,2015-07-10
104.9389,98.25,130.7738,84.6,68.2,4.0,9.7,95.0,73.4,0.0,2015-07-11
59.4,104.9389,151.2252,85.8,67.8,4.0,15.5,102.2,75.2,0.0,2015-07-12
37.1927,59.4,89.7833,91.0,61.3,6.2,21.4,104.0,75.2,0.01,2015-07-13
33.5172,37.1927,77.0836,86.8,60.2,6.4,11.7,96.8,75.2,0.0,2015-07-14
44.3177,33.5172,56.2835,80.5,65.0,7.0,13.6,86.4,69.8,0.32,2015-07-15
32.1149,44.3177,62.5521,74.6,66.8,6.9,13.6,80.6,70.2,0.01,2015-07-16
51.1296,32.1149,46.3716,74.7,68.1,4.8,9.7,82.4,68.0,0.9,2015-07-17
68.947,51.1296,71.9954,74.5,69.7,3.8,7.8,82.4,69.4,1.44,2015-07-18
78.8479,68.947,93.053,74.4,71.3,3.7,11.7,82.8,70.3,0.05,2015-07-19
134.9583,78.8479,105.8175,78.0,72.0,4.1,7.8,84.6,72.7,0.04,2015-07-20
64.1146,134.9583,176.2257,77.3,72.4,3.7,13.6,86.0,69.8,0.0,2015-07-21
38.5227,64.1146,88.1042,79.3,72.5,3.9,21.4,88.3,70.2,0.15,2015-07-22
43.0,38.5227,57.0909,78.8,72.0,2.8,5.8,87.8,71.2,0.16,2015-07-23
75.994,43.0,63.9103,79.5,69.9,3.5,9.7,93.2,71.6,0.0,2015-07-24
118.75,75.994,101.9583,84.0,72.3,4.1,9.7,93.2,72.9,0.0,2015-07-25
75.5449,118.75,159.6474,85.3,73.2,2.8,5.8,95.0,75.2,0.0,2015-07-26
42.7435,75.5449,102.6667,81.4,73.7,5.2,17.5,93.2,73.4,1.13,2015-07-27
65.0758,42.7435,62.3455,80.7,73.7,3.1,9.7,89.2,74.1,0.0,2015-07-28
40.109,65.0758,88.25,82.8,75.5,4.5,11.7,89.6,73.4,0.05,2015-07-29
17.4833,40.109,60.8718,74.8,70.9,4.4,9.7,82.4,69.8,0.07,2015-07-30
0.0,17.4833,30.875,79.8,71.6,3.4,5.8,86.0,72.1,0.01,2015-07-31
49.6065,66.9167,92.625,76.4,73.5,3.3,7.8,80.6,73.4,1.29,2015-08-01
82.4518,49.6065,71.6581,79.7,75.6,3.2,7.8,86.0,73.4,0.0,2015-08-02
10.6688,82.4518,112.8976,74.3,65.8,5.9,15.5,84.2,62.6,0.01,2015-08-03
62.125,10.6688,31.3896,80.9,67.4,4.2,9.7,91.4,65.7,0.0,2015-08-04
23.7821,62.125,86.6417,78.8,70.0,5.3,15.5,89.6,68.0,0.0,2015-08-05
103.2774,23.7821,42.1538,79.1,71.2,3.9,7.8,86.4,71.6,0.0,2015-08-06
28.8194,103.2774,136.3484,75.0,70.1,5.1,21.4,87.4,66.2,0.34,2015-08-07
53.1845,28.8194,42.2222,78.1,69.2,3.2,5.8,88.2,68.4,0.0,2015-08-08
54.4907,53.1845,79.5893,82.6,70.8,3.2,7.8,95.0,73.4,0.0,2015-08-09
104.4167,54.4907,79.4907,84.2,70.2,3.5,7.8,95.0,76.5,0.0,2015-08-10
74.3095,104.4167,139.0521,82.8,72.2,4.3,17.5,95.0,73.4,0.0,2015-08-11
123.2569,74.3095,112.4524,84.8,71.4,4.4,9.7,96.8,73.4,0.0,2015-08-12
76.141,123.2569,162.7847,84.2,72.5,4.5,9.7,95.0,75.2,0.0,2015-08-13
33.0321,76.141,105.9167,80.3,62.8,6.6,15.5,90.7,68.0,0.0,2015-08-14
23.0722,33.0321,55.3397,80.8,60.8,4.5,11.7,94.8,66.2,0.0,2015-08-15
80.7396,23.0722,62.3778,82.9,67.3,4.9,9.7,95.0,73.4,0.0,2015-08-16
50.2018,80.7396,127.5677,81.9,66.0,4.4,15.5,91.4,73.4,0.0,2015-08-17
48.756,50.2018,76.1842,77.4,65.7,4.6,13.6,87.8,69.8,0.02,2015-08-18
34.4127,48.756,71.72,74.0,66.3,4.4,9.7,84.2,66.2,0.03,2015-08-19
12.5236,34.4127,57.6111,78.8,61.4,5.2,11.7,93.2,64.4,0.0,2015-08-20
11.9809,12.5236,37.2109,79.0,61.7,4.1,7.8,91.4,69.8,0.0,2015-08-21
26.8651,11.9809,33.2405,78.6,63.8,5.8,11.7,91.4,69.8,0.0,2015-08-22
12.1522,26.8651,43.254,71.3,65.9,4.5,15.5,82.2,66.2,0.06,2015-08-23
13.9275,12.1522,28.1196,75.0,65.8,3.8,9.7,84.2,68.0,0.0,2015-08-24
11.3171,13.9275,30.2681,77.3,64.5,4.7,9.7,87.8,68.0,0.0,2015-08-25
13.75,11.3171,29.439,78.4,63.7,4.6,7.8,91.4,69.8,0.0,2015-08-26
20.1667,13.75,28.0,77.1,63.3,4.0,9.7,89.6,66.2,0.0,2015-08-27
26.547,20.1667,45.3333,79.4,60.9,4.9,11.7,93.2,66.2,0.16,2015-08-28
27.4929,26.547,54.108,77.5,63.7,4.4,9.7,87.8,68.0,0.16,2015-08-29
17.5,27.4929,41.9255,70.8,65.0,4.0,7.8,74.8,67.6,1.04,2015-08-30
0.0,17.5,28.5833,68.4,65.5,4.5,7.8,73.4,64.4,0.49,2015-08-31
8.8646,9.6947,21.5474,70.2,65.0,6.6,11.7,75.2,65.7,0.13,2015-09-01
13.4479,8.8646,23.1181,76.9,63.7,4.8,9.7,89.6,66.2,0.09,2015-09-02
45.6285,13.4479,31.2847,78.7,64.6,4.4,7.8,89.6,66.2,0.0,2015-09-03
17.4755,45.6285,66.0,68.1,65.6,6.0,9.7,75.2,64.4,1.54,2015-09-04
16.3554,17.4755,29.9406,64.9,61.9,5.3,9.7,69.8,62.6,0.32,2015-09-05
23.2569,16.3554,33.3171,72.3,59.5,4.1,9.7,84.2,60.8,0.11,2015-09-06
47.9271,23.2569,44.1424,74.1,60.9,4.0,7.8,86.0,60.8,0.0,2015-09-07
35.6667,47.9271,72.559,72.2,61.6,3.3,7.8,80.6,62.1,0.0,2015-09-08
7.9757,35.6667,52.4931,70.7,58.5,7.7,11.7,78.8,62.6,0.0,2015-09-09
7.4401,7.9757,18.7639,59.9,56.0,6.6,11.7,65.5,57.2,0.2,2015-09-10
7.5845,7.4401,21.9683,65.8,50.9,8.4,15.5,75.2,56.7,0.25,2015-09-11
17.6181,7.5845,24.3169,67.8,45.7,8.2,15.5,78.8,53.6,0.0,2015-09-12
60.7801,17.6181,44.4201,71.1,53.2,4.4,9.7,87.8,55.4,0.0,2015-09-13
97.6563,60.7801,87.7589,67.9,56.8,3.6,9.7,78.8,55.4,0.0,2015-09-14
122.1533,97.6563,132.2396,67.4,58.4,2.7,5.8,80.6,57.2,0.0,2015-09-15
142.2438,122.1533,162.682,69.0,59.3,3.5,7.8,80.6,58.8,0.0,2015-09-16
83.682,142.2438,188.6714,72.3,63.4,3.2,7.8,82.4,62.2,0.02,2015-09-17
17.0128,83.682,113.8799,71.6,58.4,4.8,7.8,86.0,57.2,0.01,2015-09-18
85.8072,17.0128,34.3333,71.7,53.0,4.1,7.8,84.2,60.8,0.0,2015-09-19
97.6076,85.8072,114.8554,70.0,59.9,4.3,9.7,82.4,60.8,0.0,2015-09-20
140.5105,97.6076,129.0104,72.2,58.9,4.1,9.7,82.4,62.2,0.0,2015-09-21
29.184,140.5105,180.8636,66.6,61.0,6.2,19.4,78.8,55.4,0.0,2015-09-22
94.8497,29.184,43.9826,70.3,60.4,3.2,7.8,80.6,59.4,0.0,2015-09-23
19.0315,94.8497,126.3601,66.3,61.6,4.9,21.4,78.8,55.4,0.14,2015-09-24
29.9132,19.0315,36.1993,64.8,44.5,6.1,13.6,78.8,50.0,0.16,2015-09-25
49.0035,29.9132,53.7396,66.9,52.6,4.4,11.7,80.6,54.9,0.0,2015-09-26
44.1444,49.0035,73.2056,71.1,55.7,4.5,11.7,84.2,59.5,0.0,2015-09-27
46.9636,44.1444,63.6667,60.9,57.9,2.8,5.8,64.6,57.2,0.03,2015-09-28
27.9129,46.9636,65.0618,58.6,56.2,3.2,7.8,60.8,55.4,0.44,2015-09-29
0.0,27.9129,40.676,61.4,52.9,8.1,23.3,68.0,56.7,0.3,2015-09-30
27.3229,12.9373,30.8815,60.2,38.9,9.6,29.1,73.4,44.6,0.3,2015-10-01
23.559,27.3229,55.6285,65.5,44.9,5.7,13.6,80.6,46.4,0.0,2015-10-02
90.2188,23.559,51.2535,63.9,49.9,4.4,9.7,77.0,51.8,0.0,2015-10-03
190.331,90.2188,122.3299,62.8,54.7,2.2,5.8,75.9,51.8,0.0,2015-10-04
260.2326,190.331,238.9164,63.7,58.3,3.1,5.8,77.0,55.4,0.0,2015-10-05
258.7138,260.2326,309.1597,66.8,60.4,2.8,5.8,77.0,57.4,0.0,2015-10-06
8.7092,258.7138,305.265,67.9,47.2,8.3,17.5,77.7,57.2,0.0,2015-10-07
16.0174,8.7092,26.6614,57.3,25.7,9.6,23.3,68.0,41.0,0.0,2015-10-08
7.39,16.0174,39.0783,57.4,25.8,12.4,27.2,69.8,46.6,0.0,2015-10-09
9.5923,7.39,20.8726,57.3,25.5,15.0,25.3,60.8,49.6,0.0,2015-10-10
15.3684,9.5923,26.6341,60.4,33.4,9.6,19.4,71.6,42.8,0.0,2015-10-11
29.2361,15.3684,37.5439,62.0,36.0,6.4,13.6,78.3,44.6,0.0,2015-10-12
91.807,29.2361,54.5521,63.5,41.9,3.0,7.8,82.4,46.8,0.0,2015-10-13
103.2544,91.807,123.1754,59.2,48.2,3.4,5.8,71.6,48.2,0.0,2015-10-14
181.0625,103.2544,136.3066,61.6,49.5,3.0,7.8,78.8,48.2,0.0,2015-10-15
291.1701,181.0625,227.6319,60.4,53.9,2.2,3.9,75.2,48.2,0.0,2015-10-16
67.2591,291.1701,340.7361,61.4,51.4,3.6,7.8,72.0,53.6,0.0,2015-10-17
48.8877,67.2591,91.9197,57.5,40.2,5.8,9.7,66.2,46.4,0.0,2015-10-18
77.4674,48.8877,76.4964,54.9,46.6,2.9,5.8,66.2,46.4,0.0,2015-10-19
49.7164,77.4674,105.8297,53.0,47.0,4.4,9.7,57.9,48.2,0.02,2015-10-20
31.0314,49.7164,68.7345,49.9,48.0,2.7,5.8,51.8,46.4,0.33,2015-10-21
50.8,31.0314,44.5679,49.5,45.4,3.2,7.8,52.0,46.9,0.09,2015-10-22
57.5245,50.8,70.2208,54.8,48.2,3.6,7.8,66.2,44.6,0.03,2015-10-23
36.3986,57.5245,80.7552,55.7,43.5,4.2,7.8,68.0,44.6,0.0,2015-10-24
30.5238,36.3986,59.3152,50.7,38.0,3.7,7.8,57.2,46.4,0.19,2015-10-25
14.8478,30.5238,58.1667,49.1,32.5,6.4,19.4,60.8,35.6,0.0,2015-10-26
7.7431,14.8478,43.6558,50.1,26.0,6.5,19.4,62.6,33.8,0.0,2015-10-27
7.1701,7.7431,23.3021,48.9,18.9,8.5,17.5,60.8,32.0,0.0,2015-10-28
20.25,7.1701,23.8715,45.4,16.2,9.1,19.4,55.4,30.2,0.0,2015-10-29
39.04,20.25,39.1389,43.7,26.2,4.1,11.7,59.0,32.0,0.0,2015-10-30
0.0,39.04,58.8436,44.8,29.1,3.2,7.8,62.6,30.2,0.0,2015-10-31
72.2772,63.6368,87.1211,48.3,31.0,4.6,9.7,66.2,33.8,0.0,2015-11-01
137.0632,72.2772,101.007,49.4,33.0,3.6,9.7,68.0,33.8,0.0,2015-11-02
197.3452,137.0632,181.8587,48.9,40.3,3.6,9.7,66.2,37.4,0.0,2015-11-03
135.9392,197.3452,247.5238,53.3,44.2,2.9,5.8,60.8,41.0,0.0,2015-11-04
20.186,135.9392,169.8973,42.4,35.6,9.6,13.6,54.1,33.8,0.0,2015-11-05
21.0278,20.186,29.4912,34.5,32.3,9.8,13.6,36.3,32.0,0.44,2015-11-06
53.3442,21.0278,30.8924,38.1,30.4,7.4,13.6,40.8,33.3,0.0,2015-11-07
119.7038,53.3442,72.9674,39.0,34.3,3.2,7.8,46.4,33.8,0.0,2015-11-08
126.1884,119.7038,158.1812,41.9,38.3,2.6,3.9,44.1,36.7,0.0,2015-11-09
102.3889,126.1884,167.3514,42.1,40.4,2.8,5.8,43.2,41.0,0.0,2015-11-10
146.7745,102.3889,135.875,43.6,39.6,2.4,5.8,45.1,42.4,0.0,2015-11-11
201.6987,146.7745,188.3818,44.5,42.1,2.5,5.8,46.4,41.7,0.0,2015-11-12
256.4982,201.6987,251.3347,44.9,42.1,1.9,3.9,48.7,41.0,0.0,2015-11-13
211.0071,256.4982,306.2234,46.2,42.9,3.0,7.8,51.8,37.4,0.0,2015-11-14
57.3261,211.0071,258.7173,48.5,42.1,3.6,7.8,55.4,41.0,0.0,2015-11-15
61.3225,57.3261,78.9384,42.4,35.4,4.1,5.8,49.1,32.0,0.04,2015-11-16
64.0761,61.3225,84.221,42.8,30.7,5.6,9.7,50.0,34.0,0.0,2015-11-17
76.1215,64.0761,87.4819,40.0,34.5,4.2,5.8,41.4,36.5,0.0,2015-11-18
65.708,76.1215,102.2431,35.6,35.1,4.9,9.7,41.0,32.0,0.08,2015-11-19
42.2281,65.708,88.7664,34.7,33.3,2.4,5.8,35.6,32.0,0.05,2015-11-20
52.5375,42.2281,59.4373,32.1,31.3,3.2,5.8,33.8,32.0,0.07,2015-11-21
29.7878,52.5375,72.1208,26.0,24.6,3.6,5.8,32.9,24.8,0.31,2015-11-22
36.4596,29.7878,42.9469,24.8,14.1,5.3,9.7,32.0,17.6,0.26,2015-11-23
52.8294,36.4596,51.3838,20.2,13.2,3.2,7.8,25.3,14.0,0.79,2015-11-24
27.1514,52.8294,74.119,19.0,4.7,13.4,25.3,30.4,10.4,0.39,2015-11-25
191.7091,27.1514,40.9363,20.2,8.4,4.9,11.7,29.7,14.0,0.0,2015-11-26
253.8297,191.7091,235.7782,25.0,18.2,2.3,5.8,30.2,19.4,0.0,2015-11-27
241.0652,253.8297,302.2065,29.4,24.1,2.2,3.9,32.7,23.0,0.0,2015-11-28
313.8593,241.0652,286.7899,30.3,24.8,2.8,7.8,42.8,23.0,0.0,2015-11-29
0.0,313.8593,314.1481,30.0,28.5,2.3,3.9,36.9,24.4,0.0,2015-11-30
33.1276,477.3833,460.6411,32.6,27.2,5.6,19.4,38.3,28.4,0.0,2015-12-01
9.3671,33.1276,49.5663,34.5,8.8,15.4,21.4,42.1,27.0,0.0,2015-12-02
22.3136,9.3671,23.0175,31.8,7.3,14.7,21.4,36.5,28.4,0.0,2015-12-03
46.6424,22.3136,36.0801,36.7,12.0,10.4,19.4,44.6,23.0,0.0,2015-12-04
115.6377,46.6424,67.0243,34.3,18.7,3.5,7.8,48.2,23.0,0.0,2015-12-05
174.7073,115.6377,151.3442,33.3,25.9,2.2,5.8,42.8,26.6,0.0,2015-12-06
239.2639,174.7073,224.0348,33.3,28.3,2.1,3.9,41.0,28.4,0.0,2015-12-07
239.8571,239.2639,289.2882,34.1,31.9,2.8,5.8,36.0,29.8,0.0,2015-12-08
107.6764,239.8571,289.8432,35.3,33.0,3.8,9.7,41.0,26.6,0.0,2015-12-09
39.5323,107.6764,135.9673,38.0,19.0,7.4,11.7,48.9,24.8,0.0,2015-12-10
118.88,39.5323,55.6616,33.8,18.2,2.7,5.8,44.6,24.8,0.0,2015-12-11
167.9583,118.88,150.2691,30.7,23.0,2.6,5.8,41.7,23.0,0.0,2015-12-12
174.0725,167.9583,207.9458,33.7,27.1,2.2,3.9,39.9,23.0,0.06,2015-12-13
7.4183,174.0725,211.1486,36.3,18.6,9.3,19.4,42.8,28.4,0.01,2015-12-14
6.9488,7.4183,19.008,32.5,4.9,18.1,23.3,39.2,28.4,0.0,2015-12-15
46.9459,6.9488,16.414,27.7,3.3,13.6,23.3,35.6,17.6,0.0,2015-12-16
59.0982,46.9459,66.3514,28.8,9.2,4.2,7.8,39.2,17.6,0.0,2015-12-17
113.0278,59.0982,84.0109,31.1,15.4,3.5,9.7,44.6,19.4,0.0,2015-12-18
186.8514,113.0278,149.3294,29.0,22.8,2.2,3.9,38.7,21.2,0.0,2015-12-19
223.6782,186.8514,235.8696,27.1,23.6,2.5,7.8,36.9,19.4,0.0,2015-12-20
286.2645,223.6782,271.977,29.5,22.0,3.2,5.8,42.8,19.4,0.0,2015-12-21
263.7823,286.2645,324.5906,27.6,25.2,3.0,5.8,33.8,19.4,0.0,2015-12-22
109.9164,263.7823,304.2768,33.5,19.4,3.6,7.8,46.4,19.4,0.0,2015-12-23
454.6182,109.9164,136.5891,29.3,22.0,4.1,13.6,42.8,23.0,0.0,2015-12-24
305.8502,454.6182,437.5527,25.7,24.7,3.2,5.8,28.4,21.2,0.0,2015-12-25
47.5451,305.8502,341.4704,26.4,18.0,4.8,9.7,33.8,21.2,0.0,2015-12-26
102.6319,47.5451,65.5208,18.9,8.3,3.6,5.8,27.0,12.2,0.0,2015-12-27
255.6481,102.6319,135.309,27.2,14.7,3.3,7.8,39.2,17.2,0.0,2015-12-28
105.7882,255.6481,297.0244,27.6,21.0,2.5,7.8,38.1,19.4,0.0,2015-12-29
49.4063,105.7882,124.2222,30.7,12.9,7.9,17.5,44.6,17.6,0.0,2015-12-30
0.0,49.4063,71.0382,27.4,15.3,3.1,5.8,39.6,19.4,0.0,2015-12-31
248.5819,163.5749,206.6167,28.4,19.0,3.4,7.8,41.0,19.4,0.0,2016-01-01
263.7735,248.5819,294.8746,29.7,22.4,2.3,5.8,46.4,21.2,0.0,2016-01-02
51.75,263.7735,303.216,28.8,21.0,4.0,9.7,37.8,21.2,0.0,2016-01-03
27.0417,51.75,69.7958,28.3,1.7,8.6,15.5,35.6,15.8,0.0,2016-01-04
29.3147,27.0417,40.0208,23.7,0.9,6.5,13.6,35.6,12.2,0.0,2016-01-05
11.894,29.3147,47.3531,27.7,1.5,10.7,17.5,39.2,14.0,0.0,2016-01-06
25.6864,11.894,23.6926,26.6,1.7,12.4,17.5,33.8,14.0,0.0,2016-01-07
67.8472,25.6864,41.5436,23.0,2.8,4.4,9.7,35.6,12.2,0.0,2016-01-08
55.4007,67.8472,91.9722,25.8,6.7,3.6,7.8,41.0,14.0,0.0,2016-01-09
11.0906,55.4007,75.676,25.6,1.7,5.3,9.7,35.6,12.2,0.0,2016-01-10
12.8397,11.0906,24.6725,19.5,-3.7,7.6,13.6,30.2,5.0,0.0,2016-01-11
22.7641,12.8397,27.8502,24.2,-5.6,12.8,19.4,30.7,10.4,0.0,2016-01-12
63.8955,22.7641,41.7676,23.4,-3.5,5.5,15.5,37.4,12.2,0.0,2016-01-13
89.8258,63.8955,90.1463,28.1,1.9,5.7,17.5,41.0,14.0,0.0,2016-01-14
128.7257,89.8258,120.2648,30.0,12.1,3.4,7.8,41.0,14.0,0.0,2016-01-15
47.4819,128.7257,168.3681,26.1,14.4,4.4,17.5,30.2,17.6,0.0,2016-01-16
9.5568,47.4819,68.5761,17.6,-1.9,8.3,13.6,25.3,8.6,0.0,2016-01-17
45.907,9.5568,39.3902,13.8,-9.8,9.6,21.4,22.6,3.2,0.0,2016-01-18
110.6285,45.907,68.8791,17.5,-0.3,2.9,7.8,30.2,5.0,0.0,2016-01-19
130.0331,110.6285,146.3576,21.0,10.4,3.3,5.8,26.6,15.3,0.0,2016-01-20
22.486,130.0331,172.2941,20.7,11.3,6.5,19.4,26.6,14.0,0.0,2016-01-21
9.0314,22.486,48.9441,10.0,-18.3,11.4,25.3,17.6,1.4,0.0,2016-01-22
11.2257,9.0314,37.1533,5.2,-23.4,21.4,27.2,8.6,3.2,0.0,2016-01-23
25.9233,11.2257,47.4618,18.4,-8.9,13.8,25.3,25.0,4.8,0.0,2016-01-24
29.4088,25.9233,46.101,28.7,-5.6,12.6,19.4,35.6,13.8,0.0,2016-01-25
88.5439,29.4088,53.6642,26.7,-2.7,8.1,13.6,35.6,8.6,0.0,2016-01-26
121.7657,88.5439,117.7123,24.4,2.9,3.2,5.8,37.4,10.4,0.0,2016-01-27
69.1944,121.7657,158.4091,27.0,4.9,4.0,7.8,41.0,15.8,0.0,2016-01-28
51.191,69.1944,93.6424,21.6,4.1,4.4,7.8,28.4,12.2,0.0,2016-01-29
16.7639,51.191,70.6319,18.8,-6.4,4.9,11.7,26.6,5.0,0.0,2016-01-30
0.0,16.7639,30.4965,24.3,-2.7,8.7,15.5,33.8,8.6,0.0,2016-01-31
25.3937,12.8542,26.5417,28.3,0.5,9.1,17.5,39.2,14.0,0.0,2016-02-01
35.0903,25.3937,38.8328,28.7,-0.4,6.2,9.7,42.8,14.0,0.0,2016-02-02
12.6132,35.0903,51.9375,32.3,1.1,6.8,11.7,46.4,16.7,0.0,2016-02-03
10.0152,12.6132,26.3171,32.4,0.4,8.9,17.5,41.0,26.6,0.0,2016-02-04
36.8611,10.0152,31.6768,30.0,1.5,12.1,21.4,39.2,15.8,0.0,2016-02-05
38.3958,36.8611,54.3681,29.8,3.2,6.0,15.5,44.6,17.6,0.0,2016-02-06
189.9271,38.3958,63.816,32.6,4.7,6.7,19.4,46.4,17.6,0.0,2016-02-07
39.1042,189.9271,187.0556,39.5,8.4,8.6,23.3,53.6,21.2,0.0,2016-02-08
88.7778,39.1042,54.9896,35.8,10.7,4.0,7.8,51.8,21.2,0.0,2016-02-09
157.7778,88.7778,117.8194,36.8,16.3,2.5,5.8,48.2,23.2,0.0,2016-02-10
151.184,157.7778,204.1042,38.5,27.3,3.6,5.8,44.6,26.6,0.0,2016-02-11
11.807,151.184,195.1181,40.3,33.6,7.4,17.5,50.0,28.4,0.31,2016-02-12
7.4097,11.807,24.2667,28.2,4.0,19.5,25.3,36.9,19.4,0.03,2016-02-13
7.338,7.4097,23.3438,25.3,0.1,13.2,23.3,32.0,17.6,0.0,2016-02-14
7.4321,7.338,38.3937,33.7,4.1,12.5,21.4,39.4,18.7,0.0,2016-02-15
38.5938,7.4321,38.8118,36.1,11.3,9.8,19.4,48.2,21.2,0.0,2016-02-16
17.4271,38.5938,55.9132,42.7,11.3,8.4,17.5,50.0,24.3,0.0,2016-02-17
15.9343,17.4271,39.1493,40.0,7.4,8.7,17.5,48.2,30.2,0.0,2016-02-18
13.4167,15.9343,34.0474,34.0,2.1,9.8,19.4,44.6,23.0,0.0,2016-02-19
70.2355,13.4167,27.308,29.5,0.1,8.5,19.4,39.2,15.8,0.0,2016-02-20
76.1111,70.2355,95.3804,32.2,14.9,5.5,13.6,42.8,19.0,0.0,2016-02-21
11.3194,76.1111,109.7292,35.8,6.9,10.2,19.4,48.2,23.9,0.0,2016-02-22
25.3509,11.3194,26.3854,27.2,-2.2,9.0,21.4,37.4,12.2,0.0,2016-02-23
21.4479,25.3509,47.1263,32.7,2.8,6.4,17.5,44.6,17.6,0.0,2016-02-24
33.5072,21.4479,42.2031,35.0,4.1,5.7,11.7,44.6,21.2,0.0,2016-02-25
20.223,33.5072,53.3116,37.3,8.9,7.3,11.7,46.4,21.2,0.0,2016-02-26
32.4132,20.223,33.5714,36.6,16.2,5.3,9.7,48.2,19.4,0.0,2016-02-27
28.9164,32.4132,55.6319,32.3,2.5,11.9,25.3,44.6,21.2,0.0,2016-02-28
0.0,28.9164,43.4634,30.9,6.6,4.1,9.7,39.2,19.4,0.0,2016-02-29
162.5523,110.9549,145.4236,36.4,16.8,3.6,7.8,51.8,23.0,0.0,2016-03-01
263.4564,162.5523,208.9372,48.8,23.1,4.1,9.7,68.0,29.3,0.0,2016-03-02
337.9476,263.4564,312.3554,44.9,33.7,2.7,5.8,59.0,32.0,0.0,2016-03-03
63.6076,337.9476,382.4126,44.6,26.9,5.9,15.5,53.2,35.6,0.0,2016-03-04
66.7238,63.6076,204.7431,42.4,10.5,8.2,21.4,54.3,28.4,0.0,2016-03-05
40.6895,66.7238,112.6399,41.3,18.6,3.7,11.7,51.8,28.4,0.0,2016-03-06
9.9266,40.6895,74.9603,40.8,-0.2,11.7,21.4,51.8,28.4,0.0,2016-03-07
9.0471,9.9266,29.0035,33.8,-4.4,7.5,13.6,44.6,24.8,0.0,2016-03-08
9.8188,9.0471,26.0,34.3,-5.4,10.1,15.5,42.8,24.8,0.0,2016-03-09
19.8252,9.8188,42.6341,35.2,-0.2,9.2,19.4,44.6,19.4,0.0,2016-03-10
99.3406,19.8252,46.4825,37.8,4.5,5.9,9.7,48.2,24.8,0.0,2016-03-11
36.7431,99.3406,131.5507,37.7,17.8,4.4,13.6,49.5,26.6,0.0,2016-03-12
72.4203,36.7431,62.3194,42.9,9.2,6.6,15.5,54.9,26.6,0.0,2016-03-13
128.6118,72.4203,99.192,48.6,16.1,4.4,9.7,62.6,29.5,0.0,2016-03-14
239.9527,128.6118,169.6878,44.0,26.4,3.4,9.7,55.4,30.2,0.0,2016-03-15
284.7003,239.9527,289.88,48.4,34.1,3.4,7.8,62.6,27.5,0.0,2016-03-16
209.8545,284.7003,334.9791,49.8,36.3,3.5,5.8,64.4,37.4,0.0,2016-03-17
60.0694,209.8545,245.9455,59.3,24.4,5.5,11.7,71.6,43.7,0.0,2016-03-18
60.5527,60.0694,90.4236,49.1,26.1,4.8,9.7,59.0,33.8,0.0,2016-03-19
117.5331,60.5527,85.32,51.6,24.6,3.7,7.8,66.2,33.8,0.0,2016-03-20
110.5556,117.5331,155.4878,57.0,31.0,4.6,9.7,68.0,37.2,0.0,2016-03-21
19.8727,110.5556,157.3854,52.1,27.6,5.3,11.7,60.8,37.4,0.0,2016-03-22
11.7368,19.8727,42.3091,42.4,9.0,5.3,9.7,56.3,28.4,0.0,2016-03-23
14.7604,11.7368,29.5404,48.1,11.0,4.6,9.7,59.0,28.4,0.0,2016-03-24
13.1736,14.7604,33.4549,50.0,13.0,5.7,9.7,59.0,35.6,0.0,2016-03-25
13.6836,13.1736,34.0486,57.7,13.2,7.0,13.6,68.0,38.3,0.0,2016-03-26
68.5575,13.6836,38.9527,59.5,14.3,5.7,11.7,71.6,39.2,0.0,2016-03-27
16.5993,68.5575,132.9268,59.4,23.3,6.6,19.4,72.3,41.0,0.0,2016-03-28
25.5486,16.5993,56.6667,61.5,21.0,7.9,17.5,75.2,46.8,0.0,2016-03-29
148.4196,25.5486,54.4097,57.4,25.8,4.9,11.7,71.6,42.8,0.0,2016-03-30
0.0,148.4196,195.1678,64.3,43.7,6.7,13.6,74.5,46.6,0.0,2016-03-31
8.2049,42.2986,110.2222,62.0,28.4,10.8,21.4,71.6,51.8,0.02,2016-04-01
15.7758,8.2049,31.0208,58.5,13.4,7.7,15.5,66.2,46.4,0.01,2016-04-02
68.0481,15.7758,43.6441,57.0,19.4,5.4,11.7,68.0,41.0,0.0,2016-04-03
115.1825,68.0481,96.4963,60.1,37.1,6.6,13.6,71.6,42.8,0.0,2016-04-04
120.7674,115.1825,153.0246,58.7,34.4,6.1,11.7,71.6,44.6,0.0,2016-04-05
95.7535,120.7674,160.5868,57.7,44.6,4.0,9.7,67.8,48.2,0.0,2016-04-06
19.5052,95.7535,143.1319,63.8,12.9,11.7,21.4,75.2,48.2,0.0,2016-04-07
62.8503,19.5052,60.3484,62.6,22.0,8.7,15.5,75.2,41.0,0.0,2016-04-08
0.0,62.8503,109.3653,57.8,27.8,6.1,15.5,78.8,39.2,0.0,2016-04-09
151.194,138.7758,183.1333,0.0,0.0,0.0,0.0,0.0,0.0,0.0,
